Date,Category,Net worth,Assets,Real estate,Consumer durables,Corporate equities and mutual fund shares,DB pension entitlements,DC pension entitlements,Private businesses,Other assets,Liabilities,Home mortgages,Consumer credit,Other liabilities
1989:Q3,Silent,80.2,74.8,66.6,55.9,81.7,89.1,71.9,74.4,81.1,40.2,37.6,39.4,80.4
1989:Q3,BabyBoom,19.5,24.6,32.8,41.7,18.1,10.9,28,25.2,18.5,58.1,61.3,56.8,19.4
1989:Q3,GenX,0.4,0.6,0.6,2.4,0.2,0,0.1,0.4,0.5,1.7,1.1,3.8,0.2
1989:Q3,Millennial,0,0,0,0,0,0,0,0,0,0,0,0,0
1989:Q4,Silent,79.8,74.5,66.5,55.5,81.5,88.4,71.4,74.3,80.4,40,37.5,39,80.9
1989:Q4,BabyBoom,19.7,24.9,32.8,41.9,18.3,11.5,28.4,25.3,19.1,58.1,61.4,56.8,18.8
1989:Q4,GenX,0.4,0.6,0.7,2.6,0.2,0.1,0.2,0.5,0.6,1.9,1.1,4.2,0.3
1989:Q4,Millennial,0,0,0,0,0,0,0,0,0,0,0,0,0
1990:Q1,Silent,79.8,74.4,66.2,55.5,83.8,88,71.8,74.2,79.8,39.8,37.5,38.7,79.5
1990:Q1,BabyBoom,19.7,24.9,33,41.7,16.2,11.8,28.1,25.3,19.6,58.1,61.2,56.7,20.2
1990:Q1,GenX,0.5,0.7,0.8,2.8,0,0.1,0.1,0.5,0.7,2.1,1.3,4.6,0.3
1990:Q1,Millennial,0,0,0,0,0,0,0,0,0,0,0,0,0
1990:Q2,Silent,79.7,74.2,66.5,55,83.5,87.5,71.2,74,79.5,39.7,37.5,38.2,79.6
1990:Q2,BabyBoom,19.8,25,32.8,42,16.5,12.3,28.7,25.4,19.7,58,61,56.7,20
1990:Q2,GenX,0.5,0.7,0.7,3,0,0.2,0.1,0.5,0.7,2.3,1.5,5.1,0.4
1990:Q2,Millennial,0,0,0,0,0,0,0,0,0,0,0,0,0
1990:Q3,Silent,80,74.3,65.9,55.1,90.6,87.2,72.6,73.8,78.9,39.5,37.4,37.7,82.4
1990:Q3,BabyBoom,19.5,24.9,33.3,41.8,9.4,12.5,27.3,25.6,20.2,57.9,61,56.6,17.1
1990:Q3,GenX,0.5,0.8,0.9,3.1,0,0.3,0.1,0.6,0.9,2.6,1.7,5.7,0.4
1990:Q3,Millennial,0,0,0,0,0,0,0,0,0,0,0,0,0
1990:Q4,Silent,79.4,73.8,65.4,54.9,87.1,86.8,71.9,73.7,78.2,39.1,37,37.2,81
1990:Q4,BabyBoom,19.9,25.3,33.6,41.7,12.9,12.9,28,25.7,20.8,58.2,61.3,56.5,18.5
1990:Q4,GenX,0.6,0.9,1,3.3,0,0.3,0.1,0.7,1,2.7,1.7,6.3,0.5
1990:Q4,Millennial,0,0,0,0,0,0,0,0,0,0,0,0,0
1991:Q1,Silent,78.8,73.3,65.3,54.4,82.9,86.4,71.1,73.7,77.6,38.7,36.7,36.7,80.5
1991:Q1,BabyBoom,20.5,25.7,33.6,42,17.1,13.2,28.7,25.6,21.3,58.4,61.6,56.5,18.9
1991:Q1,GenX,0.7,1,1.1,3.6,0,0.4,0.2,0.7,1.1,2.8,1.7,6.8,0.6
1991:Q1,Millennial,0,0,0,0,0,0,0,0,0,0,0,0,0
1991:Q2,Silent,78.8,73.2,65.1,54.1,83.7,85.9,71.1,73.7,77.7,38.5,36.6,36.1,80.8
1991:Q2,BabyBoom,20.4,25.7,33.8,42.1,16.3,13.6,28.7,25.6,21.1,58.4,61.5,56.4,18.6
1991:Q2,GenX,0.8,1.1,1.1,3.9,0,0.5,0.2,0.7,1.2,3.1,1.9,7.5,0.6
1991:Q2,Millennial,0,0,0,0,0,0,0,0,0,0,0,0,0
1991:Q3,Silent,78.3,72.8,64.5,54.1,82.1,85.5,70.4,73.7,77.4,38.5,36.8,35.6,77.3
1991:Q3,BabyBoom,20.8,26,34.2,41.9,17.9,13.9,29.2,25.6,21.3,58.2,61.1,56.3,22.1
1991:Q3,GenX,0.8,1.2,1.3,4,0,0.6,0.4,0.7,1.3,3.4,2.1,8.1,0.6
1991:Q3,Millennial,0,0,0,0,0,0,0,0,0,0,0,0,0
1991:Q4,Silent,77.5,72.1,64.1,53.7,77.5,85,69.3,73.8,76.7,38.2,36.7,35,73.7
1991:Q4,BabyBoom,21.6,26.6,34.5,42,21.9,14.3,30,25.4,21.9,58.1,60.9,56.1,25.7
1991:Q4,GenX,1,1.4,1.5,4.3,0.6,0.7,0.7,0.7,1.4,3.7,2.4,8.9,0.6
1991:Q4,Millennial,0,0,0,0,0,0,0,0,0,0,0,0,0
1992:Q1,Silent,77.5,72.1,63.9,53,78.5,84,70,73.9,77.2,38.4,37.1,34.5,74.9
1992:Q1,BabyBoom,21.6,26.5,34.6,42.3,21.1,15.2,29.5,25.3,21.3,57.5,60.1,56,24.4
1992:Q1,GenX,1,1.4,1.6,4.7,0.4,0.8,0.5,0.8,1.4,4.1,2.8,9.5,0.7
1992:Q1,Millennial,0,0,0,0,0,0,0,0,0,0,0,0,0
1992:Q2,Silent,77.3,71.9,63.7,52.4,78.9,83.4,69.8,73.9,77.1,38.4,37.3,33.9,72.9
1992:Q2,BabyBoom,21.8,26.7,34.7,42.6,20.8,16,29.7,25.3,21.4,57.2,59.6,55.9,26.4
1992:Q2,GenX,0.9,1.4,1.6,5,0.3,0.6,0.5,0.8,1.5,4.5,3.1,10.2,0.7
1992:Q2,Millennial,0,0,0,0,0,0,0,0,0,0,0,0,0
1992:Q3,Silent,76.7,71.3,62.8,52.5,77.9,82.9,69,73.8,76.7,38,37,33.2,72.7
1992:Q3,BabyBoom,22.3,27.2,35.4,42.3,21.7,16.7,30.2,25.4,21.6,57.2,59.7,55.7,26.5
1992:Q3,GenX,1,1.5,1.8,5.2,0.4,0.4,0.7,0.8,1.7,4.8,3.3,11.1,0.8
1992:Q3,Millennial,0,0,0,0,0,0,0,0,0,0,0,0,0
1992:Q4,Silent,75.6,70.3,61.9,52.1,74.7,81.3,66.6,73.6,76.3,37.3,36.3,32.3,73.2
1992:Q4,BabyBoom,23.3,28,36.1,42.3,24.2,18.2,32.4,25.7,21.9,57.3,59.9,55.8,25.9
1992:Q4,GenX,1.1,1.7,2.1,5.6,1,0.5,1,0.8,1.8,5.4,3.8,11.8,0.9
1992:Q4,Millennial,0,0,0,0,0,0,0,0,0,0,0,0,0
1993:Q1,Silent,75,69.8,62,50.7,74.2,80.5,64.1,72.9,76.3,36.8,35.9,31.7,71.4
1993:Q1,BabyBoom,23.8,28.4,36,42.9,24.7,18.9,34.4,26.3,21.9,57.5,60,56,27.7
1993:Q1,GenX,1.2,1.8,2,6.3,1.1,0.6,1.5,0.8,1.8,5.7,4.2,12.3,1
1993:Q1,Millennial,0,0,0,0,0,0,0,0,0,0,0,0,0
1993:Q2,Silent,74.5,69.2,61.2,50.5,74.1,79.7,62.5,72.2,76,36.1,35.1,30.9,71.9
1993:Q2,BabyBoom,24.3,28.9,36.6,42.8,24.9,19.6,35.9,26.9,22.1,57.7,60.2,56,27
1993:Q2,GenX,1.2,1.9,2.2,6.8,1.1,0.7,1.6,0.8,1.9,6.2,4.6,13,1.1
1993:Q2,Millennial,0,0,0,0,0,0,0,0,0,0,0,0,0
1993:Q3,Silent,73.8,68.5,60.4,50.3,73.2,78.8,60.7,71.4,75.8,35.2,34.2,30.1,69.5
1993:Q3,BabyBoom,24.8,29.4,37.3,42.6,25.6,20.4,37.4,27.7,22.2,58.1,60.8,56.1,29.4
1993:Q3,GenX,1.3,2.1,2.3,7.1,1.2,0.8,1.9,0.9,2,6.7,5,13.9,1.1
1993:Q3,Millennial,0,0,0,0,0,0,0,0,0,0,0,0,0
1993:Q4,Silent,73.2,67.9,59.7,49.7,72.2,78.1,59.7,70.8,75.6,34.4,33.5,29.2,68
1993:Q4,BabyBoom,25.3,29.9,37.8,42.6,26.4,21,38.4,28.3,22.3,58.3,61,56.1,30.9
1993:Q4,GenX,1.4,2.2,2.5,7.7,1.4,0.9,1.9,0.9,2.1,7.2,5.5,14.7,1.2
1993:Q4,Millennial,0,0,0,0,0,0,0,0,0,0,0,0,0
1994:Q1,Silent,73.1,67.7,59.6,48.7,74,77.3,59,69.9,75.4,33.7,32.8,28.5,68
1994:Q1,BabyBoom,25.5,30.1,37.9,42.9,25.2,21.6,39.2,29.1,22.5,58.6,61.4,56.1,30.7
1994:Q1,GenX,1.4,2.2,2.5,8.4,0.8,1.1,1.8,1,2.1,7.6,5.8,15.4,1.3
1994:Q1,Millennial,0,0,0,0,0,0,0,0,0,0,0,0,0
1994:Q2,Silent,72.9,67.4,59.1,48.2,75.2,76.6,58,69,75.5,33.1,32.1,27.8,67.9
1994:Q2,BabyBoom,25.7,30.3,38.3,42.9,24.4,22.2,40,29.9,22.4,58.6,61.5,56.1,30.6
1994:Q2,GenX,1.3,2.3,2.6,8.9,0.4,1.2,1.9,1.1,2.1,8.2,6.4,16.2,1.5
1994:Q2,Millennial,0,0,0,0,0,0,0,0,0,0,0,0,0
1994:Q3,Silent,72.3,66.7,58.1,48,75.2,75.9,56.6,68.2,75.1,32.5,31.5,27,68.4
1994:Q3,BabyBoom,26.3,30.9,39,42.7,24.6,22.8,41.1,30.6,22.7,58.7,61.6,56,29.9
1994:Q3,GenX,1.4,2.5,2.9,9.3,0.3,1.3,2.3,1.2,2.2,8.9,6.9,17,1.7
1994:Q3,Millennial,0,0,0,0,0,0,0,0,0,0,0,0,0
1994:Q4,Silent,72.1,66.3,57.2,47.6,76.1,75.3,56.7,67.5,74.8,31.8,31,26.2,66.1
1994:Q4,BabyBoom,26.5,31.1,39.6,42.6,23.9,23.2,41.4,31.3,23,58.6,61.5,55.9,32.2
1994:Q4,GenX,1.4,2.6,3.2,9.8,0,1.5,1.8,1.2,2.2,9.6,7.5,17.9,1.7
1994:Q4,Millennial,0,0,0,0,0,0,0,0,0,0,0,0,0
1995:Q1,Silent,71.2,65.5,56.5,47,74.6,74.5,54.9,66.9,74.2,31.2,30.3,25.6,67.2
1995:Q1,BabyBoom,27.2,31.7,40,42.6,25.2,23.9,42.6,31.9,23.4,58.8,61.8,55.8,30.8
1995:Q1,GenX,1.6,2.8,3.5,10.4,0.2,1.6,2.5,1.3,2.4,10,7.9,18.5,2
1995:Q1,Millennial,0,0,0,0,0,0,0,0,0,0,0,0,0
1995:Q2,Silent,70.2,64.6,55.2,47.1,73,74,52.9,66.3,73.4,30.5,29.6,25,67
1995:Q2,BabyBoom,28,32.4,40.9,42.3,26.4,24.7,44,32.5,23.9,58.9,62.1,55.7,30.8
1995:Q2,GenX,1.8,3,4,10.6,0.7,1.3,3.1,1.3,2.7,10.5,8.2,19.4,2.2
1995:Q2,Millennial,0,0,0,0,0,0,0,0,0,0,0,0,0
1995:Q3,Silent,69.5,63.8,54,46.9,71.2,73.6,51,65.5,73.3,29.9,29,24.3,64.5
1995:Q3,BabyBoom,28.5,32.9,41.4,42.1,27.6,25.4,45.1,33.1,24,58.9,62.1,55.5,33.1
1995:Q3,GenX,2,3.3,4.6,11,1.2,1,3.9,1.4,2.7,11.2,8.8,20.2,2.3
1995:Q3,Millennial,0,0,0,0,0,0,0,0,0,0,0,0,0
1995:Q4,Silent,68.8,63.2,53.7,46.6,69.5,73.2,49.9,64.5,72.6,29.6,28.7,24.2,65.4
1995:Q4,BabyBoom,29.1,33.4,41.6,42.3,28.8,25.8,46,33.9,24.5,58.8,62.4,54.7,31.9
1995:Q4,GenX,2.1,3.4,4.7,11.2,1.7,1,4,1.6,2.9,11.6,9,21.1,2.8
1995:Q4,Millennial,0,0,0,0,0,0,0,0,0,0,0,0,0
1996:Q1,Silent,68.2,62.7,53.8,46.1,69,72.8,49,63.6,71.6,29.2,28.2,24.2,62.7
1996:Q1,BabyBoom,29.6,33.7,41.5,42.5,29.2,26.2,46.9,34.5,25.2,58.9,62.5,54.1,35
1996:Q1,GenX,2.2,3.6,4.7,11.5,1.8,1.1,4.1,1.9,3.2,11.8,9.2,21.7,2.3
1996:Q1,Millennial,0,0,0,0,0,0,0,0,0,0,0,0,0
1996:Q2,Silent,67.9,62.4,53.5,46,68.4,72.4,48.5,62.7,71.5,29.1,28,24.1,62.7
1996:Q2,BabyBoom,29.9,34,41.7,42.5,29.6,26.5,47.6,35.2,25.3,58.6,62.3,53.5,34.7
1996:Q2,GenX,2.2,3.6,4.8,11.5,2,1.1,3.9,2.1,3.2,12.4,9.7,22.4,2.6
1996:Q2,Millennial,0,0,0,0,0,0,0,0,0,0,0,0,0
1996:Q3,Silent,67.6,62,53.2,45.8,68.8,72.2,47.8,61.9,70.9,28.9,27.8,24,63.2
1996:Q3,BabyBoom,30.2,34.3,41.8,42.6,29.4,26.7,48.3,35.8,25.7,58.2,62.1,52.8,34
1996:Q3,GenX,2.2,3.7,5,11.6,1.8,1.1,3.8,2.4,3.4,12.9,10.1,23.1,2.8
1996:Q3,Millennial,0,0,0,0,0,0,0,0,0,0,0,0,0
1996:Q4,Silent,66.9,61.4,53.1,45.2,68.1,72.1,46.1,60.8,70.1,28.7,27.5,23.9,63.1
1996:Q4,BabyBoom,30.7,34.6,41.7,42.8,29.9,26.7,48.6,36.5,26.4,58,62,52.2,34.3
1996:Q4,GenX,2.4,4,5.2,11.9,2,1.1,5.3,2.8,3.5,13.4,10.5,23.9,2.6
1996:Q4,Millennial,0,0,0,0,0,0,0,0,0,0,0,0,0
1997:Q1,Silent,66.5,61.1,52.9,44.8,68.4,71.9,46,59.7,69.4,28.6,27.3,23.9,62
1997:Q1,BabyBoom,31,34.8,41.7,43,29.8,27,49.3,37.1,26.8,57.8,61.9,51.7,35.1
1997:Q1,GenX,2.5,4.1,5.4,12.2,1.8,1.1,4.7,3.2,3.8,13.6,10.8,24.3,2.8
1997:Q1,Millennial,0,0,0,0,0,0,0,0,0,0,0,0,0
1997:Q2,Silent,65.3,60.1,52.5,44.8,65.2,71.5,43.1,58.7,69,28.4,27.1,23.9,60.8
1997:Q2,BabyBoom,31.8,35.4,41.8,43.1,31.6,27.4,50.5,37.7,27.1,57.6,61.7,51.2,36.4
1997:Q2,GenX,3,4.5,5.7,12.1,3.2,1.2,6.4,3.5,3.9,14,11.2,24.9,2.9
1997:Q2,Millennial,0,0,0,0,0,0,0,0,0,0,0,0,0
1997:Q3,Silent,64.4,59.3,52,44.7,63.9,71.1,41.1,57.8,68.5,28.1,26.8,23.8,60
1997:Q3,BabyBoom,32.3,35.8,42,43.1,32.4,27.7,51.4,38.3,27.3,57.3,61.4,50.7,37.6
1997:Q3,GenX,3.3,4.8,6,12.2,3.7,1.2,7.5,3.9,4.1,14.5,11.7,25.6,2.4
1997:Q3,Millennial,0,0,0,0,0,0,0,0,0,0,0,0,0
1997:Q4,Silent,64,59,51.8,44.1,63.7,71,41.4,56.7,67.7,28.1,26.8,23.7,59.4
1997:Q4,BabyBoom,32.7,36.1,41.9,43.4,32.5,27.8,51.8,38.9,27.9,56.9,61,50.1,37.9
1997:Q4,GenX,3.3,5,6.2,12.5,3.8,1.2,6.9,4.4,4.3,15.1,12.2,26.2,2.7
1997:Q4,Millennial,0,0,0,0,0,0,0,0,0,0,0,0,0
1998:Q1,Silent,62.6,57.9,51.3,43.9,61.5,70.3,39,56,67.1,28,26.7,23.7,58.6
1998:Q1,BabyBoom,33.5,36.7,42.1,43.5,33.8,28.4,52.6,39.4,28.4,56.5,60.6,49.8,38.7
1998:Q1,GenX,3.8,5.4,6.5,12.5,4.8,1.2,8.5,4.6,4.5,15.5,12.8,26.5,2.8
1998:Q1,Millennial,0,0,0,0,0,0,0,0,0,0,0,0,0
1998:Q2,Silent,62.2,57.5,50.9,43.6,61.3,69.2,38.7,55.1,66.9,27.7,26.4,23.5,58
1998:Q2,BabyBoom,34,37,42.3,43.7,33.9,29.3,53.3,39.9,28.6,56.3,60.4,49.3,39.3
1998:Q2,GenX,3.9,5.5,6.8,12.6,4.8,1.4,8,5,4.5,15.9,13.2,27.2,2.7
1998:Q2,Millennial,0,0,0,0,0,0,0,0,0,0,0,0,0
1998:Q3,Silent,62.3,57.5,49.6,44,64,68.4,41,54.3,65.8,27.5,26.1,23.4,58.8
1998:Q3,BabyBoom,34.2,37.3,43.1,43.6,32.5,29.9,53.9,40.4,29.5,56.1,60.2,48.9,38.4
1998:Q3,GenX,3.4,5.3,7.4,12.4,3.5,1.6,5,5.3,4.6,16.4,13.7,27.7,2.8
1998:Q3,Millennial,0,0,0,0,0,0,0,0,0,0,0,0,0
1998:Q4,Silent,60.5,55.9,49.5,42.9,60.2,66.6,37.2,54.3,64.6,26.9,25.4,22.7,59.4
1998:Q4,BabyBoom,35.2,38.1,42.8,44.1,34.5,31.8,54.3,40.5,30.3,56.2,60.3,49.2,37.5
1998:Q4,GenX,4.3,6,7.7,13,5.3,1.7,8.5,5.2,5.1,17,14.3,28.2,3.1
1998:Q4,Millennial,0,0,0,0,0,0,0,0,0,0,0,0,0
1999:Q1,Silent,59.8,55.2,48.7,42.5,59.8,65.1,36.2,54.4,64.4,26.3,24.7,22,60.1
1999:Q1,BabyBoom,35.7,38.5,43.1,44.3,34.8,33.3,54.7,40.6,30.4,56.4,60.6,49.6,36.6
1999:Q1,GenX,4.5,6.3,8.2,13.3,5.4,1.7,9.1,5,5.2,17.3,14.7,28.4,3.3
1999:Q1,Millennial,0,0,0,0,0,0,0,0,0,0,0,0,0
1999:Q2,Silent,58.8,54.3,48.3,41.6,58.2,63.5,34.7,54.2,64.3,25.6,24,21.3,58.2
1999:Q2,BabyBoom,36.3,39.1,43.2,44.6,35.7,34.9,55.2,40.7,30.5,56.7,60.8,49.9,38.5
1999:Q2,GenX,4.8,6.6,8.4,13.8,6.1,1.7,10.1,5.1,5.3,17.7,15.2,28.8,3.3
1999:Q2,Millennial,0,0,0,0,0,0,0,0,0,0,0,0,0
1999:Q3,Silent,58.5,53.8,47.5,41.2,58.4,62.1,35.3,53.7,63.6,25,23.4,20.6,59.2
1999:Q3,BabyBoom,36.8,39.6,43.6,44.8,35.7,36.2,55.6,41,31,56.7,60.7,50.2,37.5
1999:Q3,GenX,4.8,6.6,9,14,5.9,1.7,9.2,5.3,5.4,18.3,15.9,29.2,3.3
1999:Q3,Millennial,0,0,0,0,0,0,0,0,0,0,0,0,0
1999:Q4,Silent,56.6,52.2,47,40.4,55.7,60.3,32.6,53.6,61.5,24.5,23,19.9,55.6
1999:Q4,BabyBoom,37.9,40.5,43.7,45.1,37.1,37.9,56.2,41.1,32.6,56.6,60.3,50.6,41.4
1999:Q4,GenX,5.5,7.3,9.4,14.5,7.3,1.7,11.2,5.3,5.9,18.9,16.8,29.5,3
1999:Q4,Millennial,0,0,0,0,0,0,0,0,0,0,0,0,0
2000:Q1,Silent,55.6,51.4,46.4,39.9,54.7,58.9,31.5,53.6,60.6,24.1,22.6,19.3,53.1
2000:Q1,BabyBoom,38.6,41,44,45.3,37.6,39.4,56.6,41.3,33.1,56.5,59.7,51.1,44.2
2000:Q1,GenX,5.8,7.6,9.6,14.9,7.7,1.7,11.9,5.1,6.2,19.4,17.7,29.6,2.8
2000:Q1,Millennial,0,0,0,0,0,0,0,0,0,0,0,0,0
2000:Q2,Silent,55.2,50.9,45.7,39.2,54.9,57.6,31.5,53.1,60.7,23.6,22.1,18.7,55.7
2000:Q2,BabyBoom,39,41.4,44.3,45.5,37.6,40.6,57.1,41.5,33,56.3,59.5,51.4,41.1
2000:Q2,GenX,5.7,7.7,10,15.3,7.5,1.8,11.5,5.3,6.3,20.1,18.4,30,3.1
2000:Q2,Millennial,0,0,0,0,0,0,0,0,0,0,0,0,0
2000:Q3,Silent,54.5,50.2,44.7,39,54.6,56.3,30.9,52.7,60.2,23,21.5,18,56.1
2000:Q3,BabyBoom,39.6,41.9,44.8,45.6,37.8,42,57.6,41.8,33.3,56.1,59.2,51.7,40.8
2000:Q3,GenX,5.8,7.9,10.4,15.4,7.6,1.8,11.5,5.6,6.5,20.8,19.2,30.3,3.1
2000:Q3,Millennial,0,0,0,0,0,0,0,0,0,0,0,0,0
2000:Q4,Silent,54.5,49.9,44.4,38.1,55.8,55.2,31.6,52.4,59.1,22.5,21,17.3,61.4
2000:Q4,BabyBoom,40,42.3,45,45.9,37.4,43,58.1,41.9,34.2,55.9,59.3,51.9,34.5
2000:Q4,GenX,5.5,7.8,10.6,16,6.8,1.8,10.3,5.6,6.6,21.5,19.7,30.8,4.1
2000:Q4,Millennial,0,0,0,0,0,0,0,0,0,0,0,0,0
2001:Q1,Silent,54.2,49.6,43.9,37.5,56.9,54,32.9,52.3,58.2,22.1,20.5,16.8,67.2
2001:Q1,BabyBoom,40.5,42.7,45.4,46.1,37,44.3,59.1,42.1,34.5,55.9,59.3,52.2,28.3
2001:Q1,GenX,5.3,7.7,10.7,16.4,6.1,1.8,8,5.6,7.4,22,20.2,31,4.4
2001:Q1,Millennial,0,0,0,0,0,0,0,0,0,0,0,0,0
2001:Q2,Silent,53.4,48.9,43.3,37.1,55.5,52.9,31.8,52,57.8,21.5,19.8,16.2,67.8
2001:Q2,BabyBoom,40.9,43.1,45.7,46.3,37.7,45.2,59.3,42.3,34.6,56.1,59.5,52.4,27.8
2001:Q2,GenX,5.6,8,11,16.6,6.8,1.9,8.9,5.7,7.6,22.4,20.7,31.3,4.4
2001:Q2,Millennial,0,0,0,0,0,0,0,0,0,0,0,0,0
2001:Q3,Silent,53.5,48.6,42.4,36.7,57.4,52.1,33.2,51.8,56.9,21,19.4,15.6,60.3
2001:Q3,BabyBoom,41.3,43.5,46.2,46.3,37,45.9,60.5,42.4,35.4,55.8,58.6,52.6,35.8
2001:Q3,GenX,5.2,7.9,11.4,16.8,5.6,2,6.3,5.7,7.6,23,21.8,31.4,3.8
2001:Q3,Millennial,0,0.1,0.1,0.2,0,0,0,0,0.1,0.2,0.2,0.4,0
2001:Q4,Silent,52.7,47.9,42.1,36.4,55.3,51.7,31.7,51,56.6,20.3,18.5,15.7,67.1
2001:Q4,BabyBoom,41.6,43.8,46.2,46.3,38.2,46.2,60.9,43.1,35.4,56.4,60.1,51.6,28.5
2001:Q4,GenX,5.6,8.2,11.6,17,6.5,2.1,7.4,5.9,8,23.2,21.3,32.2,4.4
2001:Q4,Millennial,0,0.1,0.1,0.3,0,0,0,0,0.1,0.2,0.1,0.5,0
2002:Q1,Silent,52.2,47.4,41.6,36,54.8,51.6,30.8,49.9,56.3,19.9,18.1,15.9,65.8
2002:Q1,BabyBoom,42,44.1,46.3,46.3,38.7,46.3,61,43.8,35.4,55.9,59.3,51.1,29.7
2002:Q1,GenX,5.8,8.5,11.9,17.3,6.4,2.1,8.1,6.3,8.2,24,22.4,32.4,4.4
2002:Q1,Millennial,0.1,0.1,0.1,0.4,0,0,0,0,0.1,0.3,0.2,0.6,0
2002:Q2,Silent,52.3,47.3,41.1,35.7,55.7,51.5,31.8,48.9,56.8,19.5,17.7,16,68.2
2002:Q2,BabyBoom,42.2,44.2,46.4,46.3,38.9,46.3,62.3,44.4,34.9,55.3,58.7,50.4,27.2
2002:Q2,GenX,5.4,8.4,12.4,17.6,5.4,2.1,5.8,6.6,8.1,24.8,23.4,32.9,4.6
2002:Q2,Millennial,0.1,0.1,0.2,0.5,0,0,0,0,0.1,0.3,0.2,0.7,0
2002:Q3,Silent,52.5,47.2,40.3,35.8,58.3,51.5,33,47.9,56.8,19,17.1,16.1,68.8
2002:Q3,BabyBoom,42.3,44.4,46.6,46.1,38.7,46.4,64,45,34.8,55.2,58.7,49.7,26.2
2002:Q3,GenX,5.1,8.3,12.9,17.6,3,2.2,3,7.1,8.3,25.4,23.9,33.4,5
2002:Q3,Millennial,0.1,0.1,0.2,0.5,0,0,0,0,0.2,0.4,0.2,0.8,0
2002:Q4,Silent,52.1,46.7,39.7,35.8,57,51.3,31.6,47.1,56.9,18.5,16.6,16.1,67.5
2002:Q4,BabyBoom,42.7,44.6,46.8,46,39.6,46.5,64.4,45.7,34.6,55.1,58.6,49,27.5
2002:Q4,GenX,5.2,8.6,13.3,17.6,3.5,2.2,4,7.1,8.4,26,24.5,33.9,4.9
2002:Q4,Millennial,0.1,0.1,0.2,0.6,0,0,0,0,0.2,0.4,0.3,1,0.1
2003:Q1,Silent,51.7,46.2,39.4,35.4,57.5,51.3,31,46.1,56.2,18.1,16.2,16.3,63.1
2003:Q1,BabyBoom,42.9,44.9,46.8,46,40.1,46.4,65.1,46.2,34.9,55.1,58.5,48.4,32.1
2003:Q1,GenX,5.2,8.7,13.5,17.8,2.4,2.2,3.8,7.6,8.7,26.4,25,34.2,4.8
2003:Q1,Millennial,0.1,0.2,0.2,0.7,0,0,0,0,0.2,0.4,0.3,1.1,0
2003:Q2,Silent,50.9,45.4,38.9,35.2,54.5,51.3,29,45.1,55.4,17.6,15.8,16.3,50.8
2003:Q2,BabyBoom,43.3,45.3,46.9,46,41.3,46.5,64.7,46.7,35.7,55.2,58.1,47.8,45.9
2003:Q2,GenX,5.7,9.1,13.9,18,4.2,2.3,6.3,8.1,8.7,26.8,25.9,34.6,3.2
2003:Q2,Millennial,0.1,0.2,0.3,0.8,0,0,0,0.1,0.2,0.5,0.3,1.3,0.1
2003:Q3,Silent,50.3,44.9,38.2,35.3,53.3,51.3,28.2,44.1,55.3,17.2,15.4,16.4,51.7
2003:Q3,BabyBoom,43.8,45.5,47.1,45.8,42,46.4,65.1,47.2,35.7,54.4,57.1,47.2,44.7
2003:Q3,GenX,5.8,9.4,14.4,18,4.7,2.3,6.7,8.6,8.7,27.7,27,35,3.5
2003:Q3,Millennial,0.1,0.2,0.3,0.9,0,0,0,0.1,0.2,0.6,0.5,1.4,0.1
2003:Q4,Silent,49.6,44.3,37.7,35.3,51.4,51.2,26.5,43.2,55.5,17,15,16.4,53.9
2003:Q4,BabyBoom,44,45.7,47.2,45.7,42.8,46.5,64.8,47.6,35.6,54.1,57.2,46.5,41.2
2003:Q4,GenX,6.2,9.8,14.8,18,5.8,2.3,8.7,9,8.7,28.2,27.3,35.4,4.9
2003:Q4,Millennial,0.1,0.2,0.3,1,0,0,0.1,0.1,0.2,0.7,0.4,1.6,0
2004:Q1,Silent,49.1,44,37.2,35.1,50.3,50.8,25.8,42.3,55.8,16.7,14.7,16.5,51.4
2004:Q1,BabyBoom,44.3,45.9,47.5,45.6,43.4,46.9,65.3,48,35.9,54,56.9,46.1,44
2004:Q1,GenX,6.4,9.9,15,18.2,6.2,2.4,8.9,9.5,8.1,28.6,27.9,35.7,4.6
2004:Q1,Millennial,0.2,0.2,0.4,1.1,0,0,0.1,0.2,0.2,0.7,0.5,1.7,0
2004:Q2,Silent,48.5,43.3,36.5,35.3,50,50.2,25.3,41.4,55.4,16.3,14.4,16.6,48.2
2004:Q2,BabyBoom,44.8,46.3,47.7,45.4,44.1,47.5,65.7,48.1,36,53.6,56.2,45.6,47.4
2004:Q2,GenX,6.5,10.2,15.5,18.1,5.9,2.3,8.9,10.1,8.3,29.3,28.8,36,4.3
2004:Q2,Millennial,0.2,0.3,0.4,1.2,0,0,0.1,0.3,0.3,0.9,0.6,1.8,0
2004:Q3,Silent,48.1,42.9,36.1,34.9,49.5,49.6,24.8,40.6,55.6,15.9,14.1,16.6,46.6
2004:Q3,BabyBoom,45.2,46.5,47.7,45.4,44.8,48.2,66.4,48.2,35.9,53.4,56,45,49.4
2004:Q3,GenX,6.5,10.3,15.8,18.3,5.7,2.1,8.7,10.7,8.2,29.8,29.3,36.4,4
2004:Q3,Millennial,0.2,0.3,0.4,1.3,0,0,0.1,0.4,0.3,0.9,0.7,2,0
2004:Q4,Silent,47.1,42.1,35.6,34.5,48.8,48.2,23.7,40.4,54.3,15.7,14,16.3,44.7
2004:Q4,BabyBoom,45.7,46.9,47.7,45.2,44.8,49.4,66,48.3,37.1,52.8,55.1,44.9,51.6
2004:Q4,GenX,6.9,10.7,16.3,18.8,6.4,2.5,10.2,10.8,8.3,30.4,30.2,36.5,3.6
2004:Q4,Millennial,0.2,0.4,0.5,1.4,0.1,0,0.1,0.5,0.3,1.1,0.8,2.3,0.2
2005:Q1,Silent,46.6,41.5,35.1,34,49,47,23.6,40.2,53.6,15.5,13.7,16.1,46.1
2005:Q1,BabyBoom,45.9,47.1,47.5,45.1,45,50.2,66.7,48.3,37.4,53.1,55.6,44.8,50
2005:Q1,GenX,7.2,11,16.8,19.4,6,2.8,9.6,11,8.7,30.4,30.2,36.5,3.7
2005:Q1,Millennial,0.3,0.4,0.6,1.6,0,0,0.1,0.6,0.3,0.9,0.5,2.6,0.1
2005:Q2,Silent,46,41,34.8,33.1,48.8,45.8,23,39.9,53,15.4,13.6,15.9,47.4
2005:Q2,BabyBoom,46.2,47.2,47.2,44.9,45.1,51.1,67,48.2,38,52.6,54.9,44.6,48.4
2005:Q2,GenX,7.5,11.3,17.3,20.2,6.1,3.1,9.9,11.2,8.7,31,30.9,36.5,4.1
2005:Q2,Millennial,0.4,0.5,0.7,1.8,0,0,0.1,0.7,0.4,1,0.6,3,0.1
2005:Q3,Silent,45.1,40.3,34.3,32.7,48.3,44.7,22.4,39.7,51.9,15.2,13.5,15.6,48.2
2005:Q3,BabyBoom,46.6,47.4,47.1,44.8,45.2,51.9,67,48.1,38.5,52,54.2,44.5,47.5
2005:Q3,GenX,7.9,11.8,17.8,20.5,6.5,3.4,10.5,11.4,9.1,31.6,31.6,36.6,4.2
2005:Q3,Millennial,0.4,0.5,0.7,1.9,0.1,0,0.1,0.8,0.4,1.2,0.7,3.3,0.1
2005:Q4,Silent,44.5,39.7,33.8,32.3,48.2,43.5,21.9,39.4,51.1,15.1,13.4,15.4,51.2
2005:Q4,BabyBoom,47,47.7,47.1,44.7,45.4,52.8,67.1,48.2,39.1,51.4,53.6,44.4,43.9
2005:Q4,GenX,8.1,12.1,18.3,21,6.3,3.7,10.9,11.5,9.3,32.2,32.3,36.6,4.9
2005:Q4,Millennial,0.4,0.6,0.8,2,0.1,0,0.1,0.9,0.5,1.3,0.8,3.6,0
2006:Q1,Silent,43.8,39.1,33.5,31.5,46.9,42.3,21.4,39.1,50.2,15,13.2,15.1,50.2
2006:Q1,BabyBoom,47.3,47.8,46.9,44.6,45.3,53.7,67.3,48.4,39.8,50.7,52.6,44.3,44.8
2006:Q1,GenX,8.5,12.4,18.7,21.7,7.7,3.9,11.2,11.6,9.5,32.8,33.2,36.6,5
2006:Q1,Millennial,0.4,0.6,0.8,2.3,0.2,0,0.1,0.9,0.5,1.5,1,4,0
2006:Q2,Silent,43.4,38.7,33.1,31.1,47.3,41.2,21.3,38.8,49.4,14.9,13.1,14.9,50
2006:Q2,BabyBoom,47.7,48.1,46.8,44.5,45.6,54.5,68,48.4,40.4,50.3,52,44.2,44.7
2006:Q2,GenX,8.5,12.6,19.3,22,7,4.2,10.6,11.7,9.7,33.2,33.8,36.6,5.3
2006:Q2,Millennial,0.4,0.6,0.9,2.4,0.1,0,0.1,1,0.6,1.6,1.1,4.3,0.1
2006:Q3,Silent,42.8,38.1,32.6,30.8,47,40.1,20.8,38.6,48.4,14.7,13,14.5,49.9
2006:Q3,BabyBoom,48,48.3,46.8,44.3,45.7,55.4,68.1,48.5,41,49.9,51.7,43.7,44.5
2006:Q3,GenX,8.7,12.9,19.7,22.4,7.2,4.5,10.9,11.8,10,33.6,34.3,36.9,5.5
2006:Q3,Millennial,0.4,0.7,0.9,2.5,0.1,0,0.1,1.1,0.6,1.8,1.1,4.9,0.1
2006:Q4,Silent,42.1,37.5,32.3,30.2,46.1,38.9,20.2,38.3,47.4,14.6,12.8,14.2,47.6
2006:Q4,BabyBoom,48.3,48.6,46.7,44.2,45.7,56.3,68,48.6,41.5,49.6,51.3,43.5,46.4
2006:Q4,GenX,9.1,13.2,20.1,22.9,7.9,4.8,11.7,11.9,10.4,33.9,34.7,37,5.8
2006:Q4,Millennial,0.5,0.7,0.9,2.6,0.2,0,0.2,1.2,0.7,1.9,1.1,5.4,0.3
2007:Q1,Silent,41.6,37.1,32.2,29.4,45.6,37.8,19.9,38,46.3,14.4,12.7,13.9,48.7
2007:Q1,BabyBoom,48.7,48.7,46.5,44.1,45.8,57.1,68.3,48.9,42.2,48.9,50.4,43.2,45.3
2007:Q1,GenX,9.2,13.4,20.4,23.6,8.4,5.1,11.7,11.9,10.7,34.5,35.4,37.1,5.8
2007:Q1,Millennial,0.5,0.8,0.9,2.9,0.2,0,0.1,1.2,0.7,2.2,1.4,5.8,0.3
2007:Q2,Silent,41.1,36.5,32,28.8,45.3,36.6,19.3,37.7,45.3,14.3,12.6,13.6,46
2007:Q2,BabyBoom,49.1,49,46.3,44,46,57.6,68.1,49,43.1,48.5,49.8,43,48.2
2007:Q2,GenX,9.4,13.7,20.7,24.1,8.5,5.7,12.4,12,10.8,34.8,36,37.1,5.3
2007:Q2,Millennial,0.5,0.8,1,3.1,0.3,0.1,0.2,1.3,0.8,2.4,1.6,6.3,0.5
2007:Q3,Silent,40.7,36.2,31.8,28.3,45.2,35.5,18.9,37.4,44.7,14.1,12.5,13.2,49.1
2007:Q3,BabyBoom,49.4,49.2,46.3,43.9,46.2,58.1,68.3,49.2,43.8,48,49.6,42.5,43.8
2007:Q3,GenX,9.4,13.8,21,24.5,8.4,6.3,12.5,12,10.8,35.3,36.3,37.3,6.8
2007:Q3,Millennial,0.4,0.8,0.9,3.3,0.2,0.1,0.2,1.3,0.7,2.5,1.6,6.9,0.3
2007:Q4,Silent,40.3,35.7,31.6,27.7,44.9,35.1,18.6,37,43.5,13.9,12.4,12.8,45.8
2007:Q4,BabyBoom,50,49.6,46.5,44,46.9,58.3,68.7,49.6,44.7,48,49.4,42.3,46.5
2007:Q4,GenX,9.2,13.7,20.9,24.7,8,6.4,12.5,12,11,35.5,36.5,37.7,7.2
2007:Q4,Millennial,0.5,0.9,1.1,3.6,0.2,0.2,0.2,1.3,0.9,2.7,1.7,7.3,0.4
2008:Q1,Silent,40.2,35.4,31.3,27.4,44.9,34.6,18.7,36.5,42.5,13.6,12.3,12.3,41.2
2008:Q1,BabyBoom,50.6,50.1,46.7,44.2,47.8,58.5,69.9,50.5,45.4,47.9,49.1,41.9,50.9
2008:Q1,GenX,8.8,13.6,20.9,24.7,7.1,6.6,11.3,11.8,11.1,35.6,36.6,38.1,7.2
2008:Q1,Millennial,0.4,0.9,1.1,3.8,0.1,0.2,0.1,1.2,1,3,1.9,7.7,0.7
2008:Q2,Silent,39.7,35,30.9,27.2,44.4,34.2,18.3,36.1,42.4,13.4,12.2,12,42.3
2008:Q2,BabyBoom,51.4,50.6,47,44.3,48.6,58.8,70,50.9,45.8,46.8,47.8,41.9,49.1
2008:Q2,GenX,8.5,13.5,21,24.5,6.9,6.7,11.6,11.8,10.9,36.2,37.2,38.3,8.2
2008:Q2,Millennial,0.3,0.9,1.1,3.9,0.1,0.3,0.1,1.2,1,3.6,2.7,7.8,0.4
2008:Q3,Silent,39.7,34.8,30.7,26.8,45,33.8,18.5,35.6,42,13.1,12.1,11.5,35.4
2008:Q3,BabyBoom,51.9,51,47.2,44.5,50.1,59,71.5,51.5,46,47.5,48.4,41.4,55.8
2008:Q3,GenX,8,13.2,20.9,24.5,4.9,6.9,10,11.7,10.9,35.8,36.9,38.7,7.8
2008:Q3,Millennial,0.4,1,1.2,4.2,0,0.3,0,1.1,1.1,3.5,2.5,8.4,1
2008:Q4,Silent,39.9,34.7,30.5,26.3,47.2,33.4,19.5,35.2,41.6,13,12,11.1,43.1
2008:Q4,BabyBoom,52.6,51.5,47.5,44.7,52.8,59.1,73.9,52.4,45.9,47.1,48.8,41.2,43.4
2008:Q4,GenX,7.1,12.7,20.7,24.6,0,7.1,6.5,11.5,11.5,36.3,36.7,39,13
2008:Q4,Millennial,0.5,1.1,1.3,4.4,0,0.4,0,1,1.1,3.6,2.5,8.7,0.5
2009:Q1,Silent,39.6,34.3,30.2,25.8,46.3,33.1,19.3,34.7,41.7,12.7,11.9,10.7,42.7
2009:Q1,BabyBoom,52.9,51.8,47.7,45,53.7,59.2,74.8,53.3,45.9,47.5,49.3,40.9,42.8
2009:Q1,GenX,7,12.7,20.6,24.6,0,7.2,5.9,11.2,11.3,36.3,36.5,39.3,14.2
2009:Q1,Millennial,0.5,1.1,1.4,4.6,0,0.5,0,0.7,1.1,3.5,2.3,9.1,0.3
2009:Q2,Silent,38.7,33.7,29.7,25.6,43.3,32.8,17.7,34.2,41.3,12.5,11.8,10.4,38.6
2009:Q2,BabyBoom,53.3,52.2,48,45.2,53.4,59.3,73.2,54.6,46,47.2,48.8,40.9,46.8
2009:Q2,GenX,7.5,13.1,20.7,24.4,3.3,7.4,9.1,10.8,11.5,36.4,36.7,39.4,14.3
2009:Q2,Millennial,0.5,1.1,1.5,4.8,0,0.6,0,0.4,1.2,3.8,2.7,9.2,0.4
2009:Q3,Silent,37.8,33,29.2,25.4,40.6,32.4,16.2,33.8,41,12.3,11.8,10,34.7
2009:Q3,BabyBoom,53.5,52.4,48.3,45.5,52.2,59.5,71.5,55.1,46.6,47.6,49.2,40.5,50.5
2009:Q3,GenX,8.2,13.5,20.9,24.3,7,7.5,12.1,10.8,11.2,36.3,36.5,39.7,14.3
2009:Q3,Millennial,0.5,1.2,1.6,4.9,0.1,0.6,0.2,0.3,1.2,3.9,2.6,9.7,0.5
2009:Q4,Silent,37,32.3,28.9,24.8,39.4,32,15.3,33.3,40.2,12.1,11.7,9.6,31
2009:Q4,BabyBoom,53.8,52.6,48.5,45.6,52.4,59.6,71,55.8,46.9,47.4,48.8,40.3,54.7
2009:Q4,GenX,8.5,13.7,20.7,24.3,7.9,7.6,13.3,10.7,11.5,36.3,36.6,40,13.8
2009:Q4,Millennial,0.6,1.3,1.8,5.2,0.2,0.7,0.4,0.2,1.4,4.2,3,10.1,0.5
2010:Q1,Silent,36.3,31.8,28.5,24.5,38.2,31.4,14.5,32.9,40.2,11.9,11.6,9.3,27.7
2010:Q1,BabyBoom,54.2,52.9,48.9,45.9,52.4,60.1,70.5,55.8,47.3,47.2,48.4,40.1,56.5
2010:Q1,GenX,8.8,13.9,20.6,24.2,9.1,7.8,14.5,10.9,11.1,36.3,36.6,40.3,14.7
2010:Q1,Millennial,0.7,1.4,2,5.4,0.4,0.8,0.5,0.3,1.4,4.6,3.4,10.4,1
2010:Q2,Silent,35.9,31.4,28.1,24,37.7,30.8,14.4,32.6,39.9,11.7,11.5,8.9,25.4
2010:Q2,BabyBoom,55,53.5,49.1,46.2,53.7,60.8,71.5,55.4,47.9,46.8,47.6,40.1,58.6
2010:Q2,GenX,8.5,13.6,20.6,24.1,8.3,7.7,13.7,11.3,10.8,36.4,36.8,40.4,14.8
2010:Q2,Millennial,0.6,1.5,2.2,5.6,0.3,0.7,0.5,0.7,1.4,5.1,4,10.5,1.2
2010:Q3,Silent,35,30.8,27.8,23.7,36.3,30.2,13.3,32.2,39.2,11.5,11.4,8.5,23.3
2010:Q3,BabyBoom,55.3,53.7,49.3,46.5,53,61.7,70.3,55.4,48.5,46.7,47.5,39.7,61.1
2010:Q3,GenX,9,13.9,20.5,24,10.1,7.5,15.7,11.5,10.8,36.4,36.7,40.8,14.4
2010:Q3,Millennial,0.7,1.6,2.4,5.8,0.6,0.6,0.7,0.9,1.5,5.5,4.4,11,1.2
2010:Q4,Silent,34.5,30.4,27.6,23.3,35.8,29.2,12.5,31.4,39.5,11.2,11.2,8.3,22.9
2010:Q4,BabyBoom,55.1,53.6,49.2,46.3,52.3,62.5,69.5,55.2,47.8,46.5,47.4,39.3,61.7
2010:Q4,GenX,9.7,14.4,20.7,24.3,11.2,7.7,17.1,12.6,11.2,36.5,36.9,40.6,14.1
2010:Q4,Millennial,0.8,1.6,2.5,6.1,0.7,0.5,0.9,0.9,1.6,5.8,4.5,11.7,1.4
2011:Q1,Silent,34,30,27.4,23,35.4,28.4,12,30.5,39.1,11,10.9,8.1,22.1
2011:Q1,BabyBoom,55,53.4,49,46,51.8,63.1,68.9,55,47.5,45.9,46.5,38.8,63.2
2011:Q1,GenX,10.3,14.9,21.1,24.6,12,7.9,18.1,13.7,11.7,36.8,37.4,40.6,13.1
2011:Q1,Millennial,0.7,1.7,2.6,6.4,0.8,0.6,1,0.9,1.7,6.4,5.1,12.5,1.6
2011:Q2,Silent,33.6,29.7,27.2,22.5,35.2,27.6,11.6,29.6,39,10.7,10.7,8,22
2011:Q2,BabyBoom,54.9,53.3,48.6,45.7,51.9,63.7,69,54.8,47.1,45.6,46.2,38.6,63.5
2011:Q2,GenX,10.7,15.2,21.5,25,12.1,8.1,18.4,14.8,12.1,37,37.7,40.3,13
2011:Q2,Millennial,0.8,1.8,2.7,6.7,0.8,0.6,1,0.8,1.8,6.8,5.4,13,1.5
2011:Q3,Silent,33.5,29.5,26.8,22.5,35.6,27,11.8,28.7,39,10.5,10.4,7.8,22.2
2011:Q3,BabyBoom,55.4,53.6,48.5,45.6,53.3,64.1,70.8,54.6,46.9,45,45.7,38,62.8
2011:Q3,GenX,10.5,15.2,22,25.1,10.5,8.3,16.6,15.9,12.3,37.2,38.1,40.2,13.5
2011:Q3,Millennial,0.6,1.8,2.7,6.8,0.5,0.7,0.8,0.8,1.8,7.3,5.8,13.9,1.6
2011:Q4,Silent,33,29.1,26.6,22.2,35.2,26.2,11.2,27.9,38.8,10.2,10.1,7.7,22.5
2011:Q4,BabyBoom,55.2,53.4,48.3,45.4,52.8,64.6,70,54.3,46.5,44.7,45.6,37.7,61.4
2011:Q4,GenX,11.1,15.7,22.2,25.3,11.4,8.4,17.9,17,12.9,37.4,38.3,40,14.5
2011:Q4,Millennial,0.7,1.9,2.8,7.1,0.6,0.7,0.9,0.9,1.9,7.6,6,14.7,1.5
2012:Q1,Silent,32.3,28.6,26.6,21.7,34.5,25.4,10.3,27,38.7,10,9.9,7.5,22
2012:Q1,BabyBoom,55,53.2,48,45.1,51.9,65.2,68.9,54.1,46,44,44.7,37.2,62.6
2012:Q1,GenX,11.9,16.2,22.5,25.7,12.8,8.6,19.6,18.1,13.3,37.7,38.7,39.8,13.8
2012:Q1,Millennial,0.7,2,3,7.5,0.8,0.7,1.2,0.8,2.1,8.3,6.8,15.5,1.7
2012:Q2,Silent,32,28.3,26,21.5,34.4,24.8,10.2,26.2,38.6,9.7,9.6,7.3,22
2012:Q2,BabyBoom,55.2,53.2,47.8,45,52.2,65.7,69.3,53.8,46.1,43.7,44.4,36.9,62.2
2012:Q2,GenX,12.2,16.5,23.1,25.8,12.7,8.8,19.3,19.1,13.3,37.8,38.9,39.5,14.1
2012:Q2,Millennial,0.7,2,3.1,7.6,0.8,0.8,1.1,0.9,2,8.8,7.1,16.2,1.6
2012:Q3,Silent,31.5,27.9,25.6,21.3,33.9,24.1,9.7,25.5,38.7,9.5,9.3,7.2,21.8
2012:Q3,BabyBoom,54.9,53.1,47.7,44.9,51.8,66.2,68.7,53.4,45.7,43.8,44.7,36.4,62.4
2012:Q3,GenX,12.9,16.9,23.5,26,13.4,8.9,20.3,20.1,13.5,37.8,39,39.3,14.1
2012:Q3,Millennial,0.8,2.1,3.2,7.8,0.9,0.8,1.3,1,2.1,8.9,7,17.2,1.7
2012:Q4,Silent,30.9,27.4,25.3,21.1,33.7,23.4,9.3,24.7,38.1,9.3,9.1,7,22.2
2012:Q4,BabyBoom,55.1,53,47.5,44.7,51.7,66.6,68.7,53.1,45.6,42.5,43.2,36,61.4
2012:Q4,GenX,13.3,17.3,23.8,26.2,13.6,9.1,20.7,21.2,14.1,38.2,39.5,39,14.8
2012:Q4,Millennial,0.7,2.2,3.4,8,0.9,0.9,1.3,1,2.3,10,8.2,17.9,1.6
2013:Q1,Silent,30.2,26.9,25,20.7,33,22.5,8.8,23.9,37.8,9.1,8.8,6.9,21.7
2013:Q1,BabyBoom,54.5,52.9,47.4,44.5,51,67.5,67.8,52.8,45.2,44.1,45.5,35.5,62.1
2013:Q1,GenX,14.2,17.8,24,26.4,14.8,9.2,21.9,22.2,14.5,37.8,39.1,38.7,14.4
2013:Q1,Millennial,1.1,2.3,3.6,8.4,1.2,0.8,1.5,1.1,2.4,9.1,6.6,18.9,1.8
2013:Q2,Silent,29.5,26.3,24.4,20.5,32.8,21.7,8.5,23.4,37.2,8.8,8.6,6.8,21.3
2013:Q2,BabyBoom,54.6,52.9,47.2,44.4,51,68.2,67.7,52.3,44.9,43.8,45.2,35.2,62.4
2013:Q2,GenX,14.7,18.3,24.6,26.6,15,9.3,22.2,23,15.1,37.8,39.4,38.3,14.3
2013:Q2,Millennial,1.2,2.5,3.8,8.6,1.2,0.8,1.6,1.3,2.7,9.5,6.8,19.7,2
2013:Q3,Silent,28.8,25.8,23.9,20.5,32.4,20.8,8,22.9,37,8.6,8.3,6.6,21.4
2013:Q3,BabyBoom,54.5,52.8,47.1,44.3,50.7,68.8,67,51.7,44.6,43.4,44.9,34.6,62.3
2013:Q3,GenX,15.4,18.8,25,26.6,15.6,9.5,23.3,23.7,15.5,38,39.6,38.1,14.4
2013:Q3,Millennial,1.3,2.6,3.9,8.6,1.3,0.8,1.8,1.6,2.9,10,7.1,20.7,1.9
2013:Q4,Silent,28.3,25.3,23.7,20.2,31.9,20.4,7.6,22.9,36,8.6,8.3,6.6,20.2
2013:Q4,BabyBoom,54.8,53.1,47,44.4,51,69.1,66.2,52.4,45.3,43.4,44.7,34,64.8
2013:Q4,GenX,15.5,18.8,25,26.5,15.6,9.7,24.2,23.1,15.5,37.7,39.7,38.2,11.9
2013:Q4,Millennial,1.4,2.7,4.2,8.9,1.4,0.8,2.1,1.6,3.1,10.3,7.3,21.3,3
2014:Q1,Silent,27.8,25,23.6,19.7,31.5,20.2,7.5,22.7,35.1,8.6,8.2,6.4,20.8
2014:Q1,BabyBoom,55.1,53.3,46.9,44.4,51.3,69,66,53.1,46.1,42.7,44,33.2,64.3
2014:Q1,GenX,15.5,18.8,25,26.5,15.7,10,24.3,22.6,15.4,37.8,39.9,38.4,11.6
2014:Q1,Millennial,1.5,2.9,4.5,9.3,1.5,0.8,2.2,1.5,3.4,10.9,7.9,22,3.3
2014:Q2,Silent,27.4,24.7,23.4,19.5,31.1,19.9,7.3,22.8,34.4,8.6,8.2,6.4,21.4
2014:Q2,BabyBoom,55.3,53.4,46.7,44.5,51.6,68.9,65.6,53.6,46.7,41.9,43.1,32.7,63.1
2014:Q2,GenX,15.6,18.8,25.2,26.4,15.7,10.3,24.7,21.9,15.3,37.9,40,38.5,11.8
2014:Q2,Millennial,1.6,3,4.7,9.7,1.6,0.9,2.4,1.7,3.5,11.6,8.7,22.5,3.6
2014:Q3,Silent,27.1,24.5,23.2,19.1,30.9,19.7,7.2,22.8,33.6,8.6,8.1,6.2,24.1
2014:Q3,BabyBoom,55.8,53.6,46.6,44.4,52.2,68.8,65.8,54,47.4,40.7,42.4,31.9,58.8
2014:Q3,GenX,15.5,18.7,25.2,26.3,15.4,10.5,24.5,21.3,15.2,38.4,40.2,38.6,13.8
2014:Q3,Millennial,1.7,3.2,5.1,10.1,1.5,0.9,2.5,1.9,3.8,12.4,9.3,23.3,3.3
2014:Q4,Silent,26.7,24.2,23.1,18.7,30.6,19.5,7,22.8,32.9,8.5,8.1,6.2,25.3
2014:Q4,BabyBoom,56,53.8,46.4,44.4,52.5,68.7,65.6,54.4,48,40,41.7,31.3,56.8
2014:Q4,GenX,15.4,18.7,25,26.3,15.3,10.8,24.8,20.8,15.1,38.5,40.3,38.7,14.4
2014:Q4,Millennial,1.8,3.4,5.4,10.6,1.6,1,2.6,2,4,13,9.9,23.8,3.5
2015:Q1,Silent,26.3,23.9,23,18.3,30.3,19.3,6.9,22.7,31.9,8.5,8,6.1,25.9
2015:Q1,BabyBoom,56.2,53.9,46.3,44.3,52.9,68.6,65.3,54.8,48.6,39.4,41.3,30.6,55.4
2015:Q1,GenX,15.5,18.7,25.1,26.3,15.3,11.1,25,20.4,15.2,38.6,40.4,38.8,14.7
2015:Q1,Millennial,2,3.6,5.7,11.1,1.6,1.1,2.8,2.1,4.3,13.5,10.3,24.5,4
2015:Q2,Silent,25.9,23.5,22.8,18,30,19.1,6.8,22.7,31.1,8.5,8,6,26.4
2015:Q2,BabyBoom,56.4,54,46,44.2,53.3,68.4,65.4,55.1,49.2,39,40.9,30.2,54.2
2015:Q2,GenX,15.5,18.7,25.2,26.2,15.1,11.3,24.9,19.9,15.2,38.6,40.5,38.8,14.9
2015:Q2,Millennial,2.1,3.7,6,11.6,1.6,1.1,2.9,2.3,4.5,13.9,10.7,25,4.5
2015:Q3,Silent,25.7,23.3,22.5,17.9,29.9,18.9,6.8,22.6,30.6,8.4,7.9,5.9,27.5
2015:Q3,BabyBoom,57,54.3,45.9,44.2,54.4,68.3,66.2,55.5,49.9,38.2,40.4,29.5,51.9
2015:Q3,GenX,15.2,18.5,25.4,26,14.3,11.6,24.1,19.5,14.9,38.8,40.6,38.8,15.7
2015:Q3,Millennial,2.1,3.8,6.2,11.8,1.4,1.2,2.9,2.4,4.6,14.5,11.1,25.8,4.9
2015:Q4,Silent,25.3,22.9,22.2,17.7,29.6,18.7,6.6,22.4,29.6,8.4,7.8,5.8,28.1
2015:Q4,BabyBoom,57.2,54.4,45.8,44.2,54.6,68.2,65.8,56,50.4,37.5,39.6,29.1,49.3
2015:Q4,GenX,15.4,18.6,25.5,25.9,14.4,11.9,24.6,19.2,15.1,39,40.8,38.8,16.8
2015:Q4,Millennial,2.2,4,6.5,12.1,1.5,1.3,3.1,2.4,4.9,15.1,11.9,26.2,5.8
2016:Q1,Silent,24.9,22.6,22,17.4,29.3,18.4,6.4,22.2,28.8,8.4,7.7,5.7,28.9
2016:Q1,BabyBoom,57.4,54.6,45.6,44.1,54.9,68.1,65.6,56.6,51,37,39.2,28.4,47.3
2016:Q1,GenX,15.4,18.7,25.5,25.9,14.3,12.1,24.8,18.9,15,39,40.8,38.8,17.5
2016:Q1,Millennial,2.4,4.2,6.8,12.7,1.5,1.4,3.2,2.3,5.2,15.6,12.2,27,6.4
2016:Q2,Silent,24.5,22.3,21.8,16.9,28.9,18.2,6.3,22.1,28.2,8.3,7.6,5.6,29.2
2016:Q2,BabyBoom,57.4,54.6,45.4,43.9,55.2,67.8,65.3,56.9,51.7,36.6,39,28,46.2
2016:Q2,GenX,15.5,18.7,25.6,25.9,14.3,12.6,25,18.6,14.8,39.1,40.9,38.8,17.5
2016:Q2,Millennial,2.5,4.4,7.2,13.4,1.5,1.4,3.4,2.5,5.3,16,12.5,27.5,7.1
2016:Q3,Silent,24.1,21.9,21.4,16.9,28.6,17.9,6.1,21.9,27.4,8.3,7.6,5.5,29.5
2016:Q3,BabyBoom,57.6,54.7,45.4,44,55.4,67.6,64.9,57.2,52,36,38.4,27.4,45.2
2016:Q3,GenX,15.7,18.9,25.9,25.7,14.4,13.1,25.4,18.3,15,39.1,41,38.8,17.5
2016:Q3,Millennial,2.6,4.5,7.3,13.5,1.6,1.5,3.6,2.6,5.6,16.6,13,28.3,7.9
2016:Q4,Silent,23.4,21.3,20.9,16.6,27.7,17.4,6.1,21,26.9,8,7.4,5.5,28.8
2016:Q4,BabyBoom,57.4,54.4,45.3,43.7,55.5,67.4,64,56.6,51.6,35.5,37.8,27.2,45.4
2016:Q4,GenX,16.5,19.6,26.2,26,15.1,13.6,26.1,19.6,15.8,39.2,41.1,38.4,18.3
2016:Q4,Millennial,2.7,4.7,7.7,13.6,1.6,1.6,3.8,2.7,5.7,17.3,13.7,28.9,7.5
2017:Q1,Silent,22.7,20.7,20.3,16.3,26.9,16.9,6,20.2,26.2,7.8,7.1,5.4,27
2017:Q1,BabyBoom,57,54.1,45.1,43.4,55.3,67.3,62.8,56,51.5,35.1,37.1,26.9,47.8
2017:Q1,GenX,17.4,20.3,26.6,26.4,16.1,14.1,27.2,21,16.4,39.1,41.2,38,18
2017:Q1,Millennial,2.8,4.8,8.1,13.9,1.7,1.7,4,2.8,5.9,18,14.5,29.7,7.2
2017:Q2,Silent,22.1,20.2,19.7,16,26,16.4,5.9,19.5,25.8,7.5,6.9,5.4,25
2017:Q2,BabyBoom,56.8,53.9,44.9,43.1,55.3,67.2,61.8,55,51.5,34.6,36.4,26.7,49.5
2017:Q2,GenX,18.2,21,27,26.8,17,14.6,28.1,22.2,16.8,39.1,41.3,37.6,18.3
2017:Q2,Millennial,2.9,5,8.3,14.1,1.7,1.8,4.2,3.3,6,18.7,15.3,30.3,7.3
2017:Q3,Silent,21.5,19.6,19.1,15.7,25.2,15.9,5.8,18.7,25.3,7.3,6.7,5.3,23.6
2017:Q3,BabyBoom,56.5,53.6,44.8,42.9,55.2,67.1,60.7,54.3,51.3,34.1,35.8,26.3,51
2017:Q3,GenX,19,21.6,27.4,27.2,17.8,15.1,29.1,23.5,17.3,39.1,41.4,37.2,18.4
2017:Q3,Millennial,3,5.2,8.7,14.2,1.8,1.9,4.5,3.5,6.1,19.5,16.1,31.1,6.9
2017:Q4,Silent,20.8,19.1,18.4,15.5,24.5,15.4,5.7,17.9,24.7,7.1,6.5,5.3,21.6
2017:Q4,BabyBoom,56.2,53.3,44.7,42.6,55,67,59.6,53.6,51.1,33.8,35.2,26.1,53.4
2017:Q4,GenX,19.8,22.3,27.9,27.5,18.7,15.6,30.1,24.7,18,38.9,41.5,36.9,18
2017:Q4,Millennial,3.1,5.3,9,14.4,1.9,2,4.7,3.8,6.2,20.2,16.8,31.8,7
2018:Q1,Silent,20.2,18.5,17.8,15.1,23.7,14.9,5.7,17.1,24,6.8,6.3,5.2,20
2018:Q1,BabyBoom,56,53.1,44.5,42.3,55.2,66.9,58.9,52.9,51,33.3,34.4,25.7,54.8
2018:Q1,GenX,20.6,22.9,28.3,27.9,19.3,16.1,30.6,26,18.6,38.9,41.6,36.5,18.2
2018:Q1,Millennial,3.2,5.5,9.4,14.7,1.9,2.1,4.8,3.9,6.4,21,17.7,32.5,6.9
2018:Q2,Silent,19.6,17.9,17.2,14.8,22.9,14.4,5.6,16.4,23.6,6.6,6.1,5.2,18.7
2018:Q2,BabyBoom,55.9,52.9,44.4,42,55.2,66.7,58.1,52.2,51.1,32.7,33.6,25.5,55
2018:Q2,GenX,21.3,23.5,28.8,28.3,20,16.6,31.3,27.2,18.9,38.9,41.6,36.2,19.2
2018:Q2,Millennial,3.3,5.6,9.6,14.9,1.9,2.2,5,4.2,6.4,21.8,18.7,33.1,7.1
2018:Q3,Silent,19,17.4,16.7,14.5,22.2,14,5.5,15.7,23.2,6.3,5.9,5.1,17.5
2018:Q3,BabyBoom,55.7,52.7,44.3,41.7,55,66.6,57,51.5,51.3,32.2,32.9,25.2,56.1
2018:Q3,GenX,22,24.1,29.1,28.6,20.8,17.1,32.2,28.5,19.2,38.8,41.7,35.8,19.6
2018:Q3,Millennial,3.3,5.8,9.9,15.1,2,2.3,5.3,4.4,6.3,22.6,19.6,33.9,6.9
2018:Q4,Silent,18.4,16.8,16.1,14.3,21.1,13.5,5.7,14.8,22.6,6.1,5.7,5,16.4
2018:Q4,BabyBoom,55.9,52.7,44.2,41.5,56.2,66.4,57.3,50.8,51.4,31.6,32.2,25,55.4
2018:Q4,GenX,22.4,24.6,29.4,29,21.3,17.6,31.9,29.8,19.6,38.9,41.7,35.5,21.2
2018:Q4,Millennial,3.2,5.9,10.3,15.2,1.3,2.4,5.1,4.5,6.4,23.4,20.4,34.5,7.1
2019:Q1,Silent,17.9,16.4,15.6,13.8,20.7,13,5.4,14.2,22,5.9,5.5,4.9,15.5
2019:Q1,BabyBoom,55.4,52.3,43.9,41,55.3,66.4,55.8,50.1,51.4,31.2,31.6,24.7,56.8
2019:Q1,GenX,23.2,25.2,29.6,29.4,22.2,18.1,33.3,30.9,20.1,38.8,41.7,35.2,21.4
2019:Q1,Millennial,3.6,6.1,10.8,15.9,1.9,2.5,5.5,4.8,6.5,24.1,21.2,35.2,6.3
2019:Q2,Silent,17.3,15.9,15.1,13.4,20,12.5,5.3,13.7,21.6,5.7,5.3,4.9,14.2
2019:Q2,BabyBoom,55.1,52.1,43.7,40.6,55.2,66.2,54.9,49.2,51.7,31,31.3,24.6,57.8
2019:Q2,GenX,23.9,25.7,30,29.7,22.9,18.6,34.1,31.8,20.3,38.8,41.8,34.8,21.6
2019:Q2,Millennial,3.7,6.3,11.2,16.2,1.9,2.7,5.7,5.3,6.3,24.5,21.6,35.7,6.3
2019:Q3,Silent,16.7,15.3,14.5,13.3,19.2,11.9,5.2,13,21.1,5.5,5.1,4.8,13.2
2019:Q3,BabyBoom,55,52,43.7,40.6,55.3,66,54.2,48.5,51.8,30.6,30.9,24.2,59.1
2019:Q3,GenX,24.6,26.4,30.5,30.1,23.6,19.2,34.7,33,20.7,38.7,41.8,34.5,21.8
2019:Q3,Millennial,3.7,6.4,11.2,16,1.8,2.9,5.9,5.5,6.3,25.1,22.2,36.5,5.9
2019:Q4,Silent,16.5,15.1,14.2,13.2,19.5,11.4,4.8,13.1,20.5,5.3,5,4.5,12.1
2019:Q4,BabyBoom,54.7,51.7,43.7,40.6,54.9,65.3,53.2,48.8,51.5,30.2,30.3,24.1,59.6
2019:Q4,GenX,24.7,26.4,30.5,30,23.1,20.1,35.5,32.4,21.1,38.6,41.7,34.6,21.9
2019:Q4,Millennial,4.1,6.8,11.7,16.2,2.5,3.2,6.5,5.7,6.9,25.9,23.1,36.9,6.3
2020:Q1,Silent,16.1,14.7,13.8,13.1,19,10.9,4.8,13.2,20,5,4.8,4.2,11
2020:Q1,BabyBoom,54.9,51.6,43.5,40.6,56.6,64.3,53.6,48.9,51.4,29.9,29.7,23.7,59.5
2020:Q1,GenX,24.7,26.5,30.5,29.9,22.6,21.2,35.2,31.7,21.2,38.5,41.5,34.6,22.2
2020:Q1,Millennial,4.3,7.2,12.1,16.4,1.9,3.6,6.5,6.1,7.4,26.5,23.9,37.4,7.4
2020:Q2,Silent,15.9,14.6,13.5,13,19.4,10.4,4.3,13.4,19.3,4.8,4.7,4,10.3
2020:Q2,BabyBoom,54.2,51.2,43.4,40.7,55.3,63.5,52.1,49.1,50.7,29.1,28.7,23.6,59.9
2020:Q2,GenX,24.9,26.6,30.5,29.8,22.3,22.1,36.3,31.1,21.8,38.5,41.3,34.7,22.5
2020:Q2,Millennial,4.9,7.7,12.6,16.6,3.1,4,7.2,6.4,8.1,27.5,25.3,37.6,7.3
2020:Q3,Silent,15.7,14.4,13.2,12.8,19.5,10,4,13.6,18.8,4.6,4.5,3.8,9.3
2020:Q3,BabyBoom,53.8,50.8,43.3,40.5,54.8,62.6,51.3,49.2,50.5,28.7,27.8,23.3,62.3
2020:Q3,GenX,25.1,26.7,30.5,29.6,22,23.1,37,30.2,22.1,38.3,41.2,34.8,20.7
2020:Q3,Millennial,5.4,8.1,12.9,17.1,3.7,4.3,7.8,7,8.6,28.4,26.5,38.1,7.7
2020:Q4,Silent,15.6,14.3,12.9,12.7,19.6,9.5,3.7,13.8,18.2,4.4,4.4,3.6,8.3
2020:Q4,BabyBoom,53.4,50.5,43.2,40.3,54.1,62,50.2,49.4,50.3,28.2,26.8,23.2,64.2
2020:Q4,GenX,25.2,26.7,30.6,29.5,21.9,23.9,37.8,29.4,22.4,38,41,34.9,19
2020:Q4,Millennial,5.8,8.5,13.3,17.6,4.4,4.6,8.3,7.5,9.1,29.4,27.9,38.4,8.4
2021:Q1,Silent,15.3,14.1,12.6,12.4,19.5,9.1,3.5,13.9,17.6,4.2,4.2,3.3,7.6
2021:Q1,BabyBoom,53,50.1,43.1,40.1,53.9,61.1,49.4,49.5,49.6,27.4,25.3,22.9,65.7
2021:Q1,GenX,25.4,26.8,30.5,29.3,21.7,24.8,38.3,28.7,23,37.7,40.7,35.1,17.9
2021:Q1,Millennial,6.3,9,13.8,18.2,4.9,4.9,8.8,7.9,9.9,30.6,29.7,38.8,8.9
2021:Q2,Silent,15.2,13.9,12.3,12.2,19.5,8.7,3.3,14.1,17.3,4,4.1,3.1,7
2021:Q2,BabyBoom,52.7,49.8,42.9,39.6,53.6,60.3,48.7,49.5,49.5,27,24.8,22.7,66.5
2021:Q2,GenX,25.5,26.8,30.4,29.1,21.6,25.7,38.8,27.7,23.1,37.7,40.6,35.1,17.4
2021:Q2,Millennial,6.7,9.4,14.3,19.1,5.3,5.3,9.2,8.7,10.1,31.3,30.5,39,9.1
2021:Q3,Silent,15,13.8,12.1,12,19.4,8.3,3.1,14.3,17,3.9,4,2.9,6.4
2021:Q3,BabyBoom,52.3,49.5,42.8,39.3,53.7,59.4,48.3,49.4,49.5,26.9,24.7,22.6,66.8
2021:Q3,GenX,25.5,26.8,30.4,29,21.4,26.6,39.1,26.9,23.1,37.6,40.6,35.1,17.2
2021:Q3,Millennial,7.2,9.9,14.8,19.7,5.6,5.6,9.5,9.3,10.4,31.5,30.7,39.4,9.6
2021:Q4,Silent,14.8,13.6,11.9,11.9,19.3,7.9,3,14.5,16.5,3.8,3.9,2.8,5.9
2021:Q4,BabyBoom,52.1,49.3,42.6,39.1,53.6,58.7,47.5,49.5,49.2,26.8,24.6,22.5,65.9
2021:Q4,GenX,25.6,26.9,30.4,28.8,21.3,27.5,39.6,26.2,23.4,37.6,40.5,35.2,17.8
2021:Q4,Millennial,7.6,10.2,15.1,20.2,5.9,5.9,9.9,9.8,10.9,31.8,31,39.5,10.3
2022:Q1,Silent,14.6,13.4,11.6,11.7,19.2,7.6,2.9,14.6,16.2,3.7,3.9,2.7,5.4
2022:Q1,BabyBoom,51.5,48.8,42.4,38.8,53.7,57.3,47.1,49.6,49.2,27.1,25,22.4,65.8
2022:Q1,GenX,25.6,26.9,30.1,28.7,21,28.6,39.9,25.6,23.4,37.6,40.5,35.2,18.1
2022:Q1,Millennial,8.3,10.9,15.9,20.8,6.1,6.5,10.2,10.3,11.2,31.6,30.7,39.7,10.7
2022:Q2,Silent,14.4,13.1,11.4,11.7,19.2,7.4,2.8,14.7,16.1,3.5,3.8,2.5,4.9
2022:Q2,BabyBoom,51.4,48.5,42.3,38.8,54.4,56,46.9,49.6,49.2,26.5,24.5,22.4,64.8
2022:Q2,GenX,25.6,27,30.1,28.6,20.2,29.6,40,25,23.4,37.7,40.4,35.3,19.3
2022:Q2,Millennial,8.7,11.5,16.2,20.9,6.2,7,10.4,10.8,11.3,32.2,31.3,39.8,11
2022:Q3,Silent,14.5,13.2,11.7,11.6,19.3,7.2,2.7,14.7,16.1,3.4,3.7,2.4,4.5
2022:Q3,BabyBoom,51.4,48.3,42,38.6,54.5,54.9,46.3,49.7,49.4,25.9,23.7,22.2,64.6
2022:Q3,GenX,25.5,26.9,30.1,28.6,19.8,30.5,40.3,24.6,23.3,37.7,40.3,35.4,19.6
2022:Q3,Millennial,8.7,11.6,16.1,21.2,6.4,7.4,10.7,11,11.2,33,32.4,40,11.3
2022:Q4,Silent,14.2,12.8,11.1,11.3,18.8,7.1,2.6,14.3,15.9,3.3,3.6,2.3,4.3
2022:Q4,BabyBoom,51.8,48.6,42.3,38.6,54.6,54.8,46.1,50,50.2,25.3,23.3,22,62.6
2022:Q4,GenX,25.4,26.9,30.2,28.5,20,30.6,40.3,24.7,22.9,37.6,40,35.2,21.4
2022:Q4,Millennial,8.6,11.7,16.4,21.6,6.6,7.6,10.9,10.9,11,33.8,33.1,40.5,11.6
2023:Q1,Silent,14,12.7,11,11.1,18.6,7,2.6,14.1,15.9,3.2,3.5,2.2,4.2
2023:Q1,BabyBoom,52,48.7,42.2,38.4,54.4,54.8,46,50,50.8,24.3,22,21.7,63.3
2023:Q1,GenX,25.5,26.9,30.2,28.5,20.3,30.5,40.4,24.9,22.6,37.4,39.6,35,21.1
2023:Q1,Millennial,8.5,11.7,16.7,22,6.8,7.7,11.1,11,10.7,35.1,34.9,41,11.3
2023:Q2,Silent,13.8,12.5,10.6,10.9,18.3,6.9,2.5,13.9,15.7,3.1,3.4,2.2,4.2
2023:Q2,BabyBoom,51.7,48.5,41.9,38.1,54.2,54.9,45.7,49.8,51,23.9,21.4,21.5,63.6
2023:Q2,GenX,25.5,26.9,29.9,28.5,20.6,30.5,40.5,24.9,22.6,37.2,39.4,34.9,20.8
2023:Q2,Millennial,9,12.1,17.6,22.5,7,7.8,11.3,11.3,10.7,35.9,35.8,41.4,11.4
2023:Q3,Silent,13.6,12.3,10.5,10.8,18.1,6.8,2.3,13.8,15.6,3.1,3.3,2.2,4.1
2023:Q3,BabyBoom,51.6,48.3,41.6,37.9,54.2,54.3,46.2,49.7,50.9,23.6,20.9,21.4,64
2023:Q3,GenX,25.6,26.9,29.8,28.5,20.5,30.8,40.1,25,22.7,37,39.2,34.7,20.2
2023:Q3,Millennial,9.2,12.4,18.1,22.9,7.1,8.1,11.3,11.5,10.7,36.4,36.5,41.7,11.7
2023:Q4,Silent,13.4,12.2,10.3,10.5,17.8,6.6,2.3,13.4,15.3,3,3.2,2.1,4.1
2023:Q4,BabyBoom,51.8,48.5,41.6,37.7,54,54.6,46,49.8,51.3,23.3,20.6,21.3,63.7
2023:Q4,GenX,25.7,27,29.8,28.5,20.9,30.7,40.2,25.2,22.6,36.8,39.1,34.6,20.4
2023:Q4,Millennial,9.2,12.4,18.3,23.3,7.3,8.1,11.5,11.5,10.7,36.9,37.1,42,11.8
